id,imdb_url
114,http://www.imdb.com/title/tt2185063/
1516,https://www.imdb.com/title/tt0111709/
139,http://www.imdb.com/title/tt0064603/
189,http://www.imdb.com/title/tt0104361/
243,http://www.imdb.com/title/tt0119432/
539,http://www.imdb.com/title/tt0119715/
600,http://www.imdb.com/title/tt0117496/
624,http://www.imdb.com/title/tt0038166/
830,http://www.imdb.com/title/tt0114170/
861,http://www.imdb.com/title/tt0091651/
958,http://www.imdb.com/title/tt0110081/
1056,http://www.imdb.com/title/tt0104029/
1153,http://www.imdb.com/title/tt0106339/
1178,http://www.imdb.com/title/tt0110443/
1192,http://www.imdb.com/title/tt0106473/
1266,http://www.imdb.com/title/tt0070506/
1304,http://www.imdb.com/title/tt0117169/
1344,http://www.imdb.com/title/tt0108227/
1351,http://www.imdb.com/title/tt0116934/
1359,http://www.imdb.com/title/tt0205258/
1364,http://www.imdb.com/title/tt0115684/
1369,http://www.imdb.com/title/tt0042354/
1403,http://www.imdb.com/title/tt0109382/
1420,http://www.imdb.com/title/tt0078155/
1501,http://www.imdb.com/title/tt0116754/
1535,http://www.imdb.com/title/tt0109731/
1536,http://www.imdb.com/title/tt0109066/
1557,http://www.imdb.com/title/tt0111787/
1562,http://www.imdb.com/title/tt0107727/
1563,http://www.imdb.com/title/tt0111613/
1569,http://www.imdb.com/title/tt0094265/
1586,http://www.imdb.com/title/tt0104684/
1591,http://www.imdb.com/title/tt0112913/
1630,http://www.imdb.com/title/tt0111055/
1633,http://www.imdb.com/title/tt0109028/
1634,http://www.imdb.com/title/tt0109751/
1639,http://www.imdb.com/title/tt0115600/
1671,http://www.imdb.com/title/tt0116379/