id,title2,release_year,imdb_id
1,Toy Story,1995,tt0114709
2,GoldenEye,1995,tt0113189
3,Four Rooms,1995,tt0113101
4,Get Shorty,1995,tt0113161
5,Copycat,1995,tt0112722
6,Shanghai Triad,1995,tt0115012
7,Twelve Monkeys,1995,tt0114746
8,Babe,1995,tt0112431
9,Dead Man Walking,1995,tt0112818
10,Richard III,1995,tt0114279
11,Seven,1995,
12,The Usual Suspects,1995,tt0114814
13,Mighty Aphrodite,1995,tt0113819
14,Il Postino,1994,
15,Mr. Holland's Opus,1995,tt0113862
16,French Twist,1995,tt0113149
17,From Dusk Till Dawn,1996,tt0116367
18,The White Balloon,1995,tt0112445
19,Antonia's Line,1995,tt0112379
20,Angels and Insects,1995,tt0112365
21,Muppet Treasure Island,1996,tt0117110
22,Braveheart,1995,tt0112573
23,Taxi Driver,1976,tt0075314
24,Rumble in the Bronx,1995,tt0113326
25,The Birdcage,1996,tt0115685
26,The Brothers McMullen,1995,tt0112585
27,Bad Boys,1995,tt0112442
28,Apollo 13,1995,tt0112384
29,Batman Forever,1995,tt0112462
30,Belle de jour,1967,tt0061395
31,Crimson Tide,1995,tt0112740
32,Crumb,1994,tt0109508
33,Desperado,1995,tt0112851
34,The Doom Generation,1995,tt0112887
35,Free Willy 2: The Adventure Home,1995,tt0113114
36,Mad Love,1995,tt0113729
37,Nadja,1994,tt0110620
38,The Net,1995,tt0113957
39,Strange Days,1995,tt0114558
40,Thanks for Everything! Julie Newmar To Wong Foo,1995,
41,Billy Madison,1995,tt0112508
42,Clerks,1994,tt0109445
43,Disclosure,1994,tt0109635
44,Dolores Claiborne,1994,
45,Eat Drink Man Woman,1994,tt0111797
46,Exotica,1994,tt0109759
47,Ed Wood,1994,tt0109707
48,Hoop Dreams,1994,tt0110057
49,I.Q.,1994,tt0110099
50,Star Wars,1977,tt0076759
51,Legends of the Fall,1994,tt0110322
52,The Madness of King George,1994,tt0110428
53,Natural Born Killers,1994,tt0110632
54,Outbreak,1995,tt0114069
55,The Professional,1994,
56,Pulp Fiction,1994,tt0110912
57,Priest,1994,tt0110889
58,Quiz Show,1994,tt0110932
59,Three Colors: Red,1994,tt0111495
60,Three Colors: Blue,1993,tt0108394
61,Three Colors: White,1994,tt0111507
62,Stargate,1994,tt0111282
63,The Santa Clause,1994,tt0111070
64,The Shawshank Redemption,1994,tt0111161
65,What's Eating Gilbert Grape,1993,tt0108550
66,While You Were Sleeping,1995,tt0114924
67,Ace Ventura: Pet Detective,1994,tt0109040
68,The Crow,1994,tt0109506
69,Forrest Gump,1994,tt0109830
70,Four Weddings and a Funeral,1994,tt0109831
71,The Lion King,1994,tt0110357
72,The Mask,1994,tt0110475
73,Maverick,1994,tt0110478
74,Faster Pussycat! Kill! Kill!,1965,
75,Brother Minister: The Assassination of Malcolm X,1994,tt0109339
76,Carlito's Way,1993,tt0106519
77,The Firm,1993,tt0106918
78,Free Willy,1993,tt0106965
79,The Fugitive,1993,tt0106977
80,Hot Shots! Part Deux,1993,tt0107144
81,The Hudsucker Proxy,1994,tt0110074
82,Jurassic Park,1993,tt0107290
83,Much Ado About Nothing,1993,tt0107616
84,Robert A. Heinlein's The Puppet Masters,1994,
85,The Ref,1994,tt0110955
86,The Remains of the Day,1993,tt0107943
87,Searching for Bobby Fischer,1993,tt0108065
88,Sleepless in Seattle,1993,tt0108160
89,Blade Runner,1982,tt0083658
90,So I Married an Axe Murderer,1993,tt0108174
91,The Nightmare Before Christmas,1993,tt0107688
92,True Romance,1993,tt0108399
93,Welcome to the Dollhouse,1995,tt0114906
94,Home Alone,1990,tt0099785
95,Aladdin,1992,tt0103639
96,Terminator 2: Judgment Day,1991,tt0103064
97,Dances with Wolves,1990,tt0099348
98,The Silence of the Lambs,1991,tt0102926
99,Snow White and the Seven Dwarfs,1937,tt0029583
100,Fargo,1996,tt0116282
101,Heavy Metal,1981,tt0082509
102,The Aristocats,1970,tt0065421
103,All Dogs Go to Heaven 2,1996,tt0115509
104,Theodore Rex,1995,tt0114658
105,Sgt. Bilko,1996,tt0117608
106,Diabolique,1996,tt0116095
107,Moll Flanders,1996,tt0117071
108,Kids in the Hall: Brain Candy,1996,tt0116768
109,Mystery Science Theater 3000: The Movie,1996,tt0117128
110,Operation Dumbo Drop,1995,tt0114048
111,The Truth About Cats & Dogs,1996,tt0117979
112,Flipper,1996,tt0116322
113,The Horseman on the Roof,1995,tt0113362
114,Wallace & Gromit: The Best of Aardman Animation,1996,
115,The Haunted World of Edward D. Wood Jr.,1995,tt0113270
116,Cold Comfort Farm,1995,
117,The Rock,1996,tt0117500
118,Twister,1996,tt0117998
119,Maya Lin: A Strong Clear Vision,1994,tt0110480
120,Striptease,1996,tt0117765
121,Independence Day,1996,tt0116629
122,The Cable Guy,1996,tt0115798
123,The Frighteners,1996,tt0116365
124,Lone Star,1996,tt0116905
125,Phenomenon,1996,tt0117333
126,The Spitfire Grill,1996,tt0117718
127,The Godfather,1972,tt0068646
128,Supercop,1992,tt0104558
129,Bound,1996,tt0115736
130,Kansas City,1996,tt0116745
131,Breakfast at Tiffany's,1961,tt0054698
132,The Wizard of Oz,1939,tt0032138
133,Gone with the Wind,1939,tt0031381
134,Citizen Kane,1941,tt0033467
135,2001: A Space Odyssey,1968,tt0062622
136,Mr. Smith Goes to Washington,1939,tt0031679
137,Big Night,1996,tt0115678
138,D3: The Mighty Ducks,1996,tt0116000
139,The Love Bug,1969,
140,Homeward Bound: The Incredible Journey,1993,tt0107131
141,"20,000 Leagues Under the Sea",1954,tt0046672
142,Bedknobs and Broomsticks,1971,tt0066817
143,The Sound of Music,1965,tt0059742
144,Die Hard,1988,tt0095016
145,The Lawnmower Man,1992,tt0104692
146,Unhook the Stars,1996,tt0118044
147,The Long Kiss Goodnight,1996,tt0116908
148,The Ghost and the Darkness,1996,tt0116409
149,Jude,1996,tt0116722
150,Swingers,1996,tt0117802
151,Willy Wonka and the Chocolate Factory,1971,
152,Sleeper,1973,tt0070707
153,A Fish Called Wanda,1988,tt0095159
154,Monty Python's Life of Brian,1979,tt0079470
155,Dirty Dancing,1987,tt0092890
156,Reservoir Dogs,1992,tt0105236
157,Platoon,1986,tt0091763
158,Weekend at Bernie's,1989,tt0098627
159,Basic Instinct,1992,tt0103772
160,Glengarry Glen Ross,1992,tt0104348
161,Top Gun,1986,tt0092099
162,On Golden Pond,1981,tt0082846
163,The Return of the Pink Panther,1974,
164,The Abyss,1989,tt0096754
165,Jean de Florette,1986,tt0091288
166,Manon of the Spring,1986,tt0091480
167,Private Benjamin,1980,tt0081375
168,Monty Python and the Holy Grail,1974,
169,The Wrong Trousers,1993,tt0108598
170,Cinema Paradiso,1988,tt0095765
171,Delicatessen,1991,tt0101700
172,The Empire Strikes Back,1980,
173,The Princess Bride,1987,tt0093779
174,Raiders of the Lost Ark,1981,tt0082971
175,Brazil,1985,tt0088846
176,Aliens,1986,tt0090605
177,"The Bad and The Ugly, The Good",1966,
178,12 Angry Men,1957,tt0050083
179,A Clockwork Orange,1971,tt0066921
180,Apocalypse Now,1979,tt0078788
181,Return of the Jedi,1983,
182,GoodFellas,1990,
183,Alien,1979,tt0078748
184,Army of Darkness,1993,
185,Psycho,1960,tt0054215
186,The Blues Brothers,1980,tt0080455
187,The Godfather: Part II,1974,tt0071562
188,Full Metal Jacket,1987,tt0093058
189,A Grand Day Out,1992,
190,Henry V,1989,tt0097499
191,Amadeus,1984,tt0086879
192,Raging Bull,1980,tt0081398
193,The Right Stuff,1983,tt0086197
194,The Sting,1973,tt0070735
195,The Terminator,1984,tt0088247
196,Dead Poets Society,1989,tt0097165
197,The Graduate,1967,tt0061722
198,Nikita,1990,tt0100263
199,The Bridge on the River Kwai,1957,tt0050212
200,The Shining,1980,tt0081505
201,Evil Dead II,1987,tt0092991
202,Groundhog Day,1993,tt0107048
203,Unforgiven,1992,tt0105695
204,Back to the Future,1985,tt0088763
205,Patton,1970,tt0066206
206,Akira,1988,tt0094625
207,Cyrano de Bergerac,1990,tt0099334
208,Young Frankenstein,1974,tt0072431
209,This Is Spinal Tap,1984,tt0088258
210,Indiana Jones and the Last Crusade,1989,tt0097576
211,M*A*S*H,1970,tt0066026
212,The Unbearable Lightness of Being,1988,tt0096332
213,A Room with a View,1986,
214,Pink Floyd - The Wall,1982,
215,Field of Dreams,1989,tt0097351
216,When Harry Met Sally...,1989,tt0098635
217,Bram Stoker's Dracula,1992,
218,Cape Fear,1991,tt0101540
219,A Nightmare on Elm Street,1984,tt0087800
220,The Mirror Has Two Faces,1996,tt0117057
221,Breaking the Waves,1996,tt0115751
222,Star Trek: First Contact,1996,tt0117731
223,Sling Blade,1996,tt0117666
224,Ridicule,1996,tt0117477
225,101 Dalmatians,1996,tt0115433
226,Die Hard 2,1990,tt0099423
227,Star Trek VI: The Undiscovered Country,1991,tt0102975
228,Star Trek: The Wrath of Khan,1982,
229,Star Trek III: The Search for Spock,1984,tt0088170
230,Star Trek IV: The Voyage Home,1986,tt0092007
231,Batman Returns,1992,tt0103776
232,Young Guns,1988,tt0096487
233,Under Siege,1992,tt0105690
234,Jaws,1975,tt0073195
235,Mars Attacks!,1996,tt0116996
236,Citizen Ruth,1996,tt0115906
237,Jerry Maguire,1996,tt0116695
238,Raising Arizona,1987,tt0093822
239,Sneakers,1992,tt0105435
240,Beavis and Butt-head Do America,1996,
241,The Last of the Mohicans,1992,tt0104691
242,Kolya,1996,tt0116790
243,Jungle2Jungle,1997,
244,Smilla's Sense of Snow,1997,tt0120152
245,The Devil's Own,1997,tt0118972
246,Chasing Amy,1997,tt0118842
247,Turbo: A Power Rangers Movie,1997,tt0120389
248,Grosse Pointe Blank,1997,tt0119229
249,Austin Powers: International Man of Mystery,1997,tt0118655
250,The Fifth Element,1997,tt0119116
251,Shall We Dance?,1996,tt0117615
252,The Lost World: Jurassic Park,1997,tt0119567
253,The Pillow Book,1995,
254,Batman & Robin,1997,tt0118688
255,My Best Friend's Wedding,1997,tt0119738
256,When the Cats Away,1996,
257,Men in Black,1997,tt0119654
258,Contact,1997,tt0118884
259,George of the Jungle,1997,tt0119190
260,Event Horizon,1997,tt0119081
261,Air Bud,1997,tt0118570
262,In the Company of Men,1997,tt0119361
263,Steel,1997,tt0120207
264,Mimic,1997,tt0119675
265,The Hunt for Red October,1990,tt0099810
266,Kull the Conqueror,1997,tt0119484
267,,,
268,Chasing Amy,1997,tt0118842
269,The Full Monty,1997,tt0119164
270,Gattaca,1997,tt0119177
271,Starship Troopers,1997,tt0120201
272,Good Will Hunting,1997,tt0119217
273,Heat,1995,tt0113277
274,Sabrina,1995,tt0114319
275,Sense and Sensibility,1995,tt0114388
276,Leaving Las Vegas,1995,tt0113627
277,Restoration,1995,tt0114272
278,Bed of Roses,1996,tt0115644
279,Once Upon a Time... When We Were Colored,1995,tt0114039
280,Up Close and Personal,1996,
281,The River Wild,1994,tt0110997
282,A Time to Kill,1996,tt0117913
283,Emma,1996,tt0116191
284,Tin Cup,1996,tt0117918
285,Secrets & Lies,1996,tt0117589
286,The English Patient,1996,tt0116209
287,Marvin's Room,1996,tt0116999
288,Scream,1996,tt0117571
289,Evita,1996,tt0116250
290,Fierce Creatures,1997,tt0119115
291,Absolute Power,1997,tt0118548
292,Rosewood,1997,tt0120036
293,Donnie Brasco,1997,tt0119008
294,Liar Liar,1997,tt0119528
295,Breakdown,1997,tt0118771
296,La Promesse,1996,
297,Ulee's Gold,1997,tt0120402
298,Face/Off,1997,tt0119094
299,Hoodlum,1997,tt0119311
300,Air Force One,1997,tt0118571
301,In & Out,1997,tt0119360
302,L.A. Confidential,1997,tt0119488
303,Ulee's Gold,1997,tt0120402
304,Fly Away Home,1996,tt0116329
305,The Ice Storm,1997,tt0119349
306,Mrs. Brown,1997,tt0119280
307,The Devil's Advocate,1997,tt0118971
308,FairyTale: A True Story,1997,tt0119095
309,Deceiver,1997,tt0119527
310,The Rainmaker,1997,tt0119978
311,The Wings of the Dove,1997,tt0120520
312,Midnight in the Garden of Good and Evil,1997,tt0119668
313,Titanic,1997,tt0120338
314,3 Ninjas: High Noon At Mega Mountain,1998,
315,Apt Pupil,1998,tt0118636
316,As Good As It Gets,1997,
317,In the Name of the Father,1993,tt0107207
318,Schindler's List,1993,tt0108052
319,Everyone Says I Love You,1996,tt0116242
320,Paradise Lost: The Child Murders at Robin Hood Hills,1996,tt0117293
321,Mother,1996,tt0117091
322,Murder at 1600,1997,tt0119731
323,Dante's Peak,1997,tt0118928
324,Lost Highway,1997,tt0116922
325,Crash,1996,tt0115964
326,G.I. Jane,1997,tt0119173
327,Cop Land,1997,tt0118887
328,Conspiracy Theory,1997,tt0118883
329,Desperate Measures,1998,tt0118966
330,187,1997,
331,The Edge,1997,tt0119051
332,Kiss the Girls,1997,tt0119468
333,The Game,1997,tt0119174
334,U Turn,1997,tt0120399
335,How to Be a Player,1997,tt0119326
336,Playing God,1997,tt0119906
337,The House of Yes,1997,tt0119324
338,Bean,1997,tt0118689
339,Mad City,1997,tt0119592
340,Boogie Nights,1997,tt0118749
341,Critical Care,1997,tt0118901
342,The Man Who Knew Too Little,1997,tt0120483
343,Alien: Resurrection,1997,tt0118583
344,The Apostle,1997,tt0118632
345,Deconstructing Harry,1997,tt0118954
346,Jackie Brown,1997,tt0119396
347,Wag the Dog,1997,tt0120885
348,Desperate Measures,1998,tt0118966
349,Hard Rain,1998,tt0120696
350,Fallen,1998,tt0119099
351,The Prophecy II,1998,
352,Spice World,1997,tt0120185
353,Deep Rising,1998,tt0118956
354,The Wedding Singer,1998,tt0120888
355,Sphere,1998,tt0120184
356,The Client,1994,tt0109446
357,One Flew Over the Cuckoo's Nest,1975,tt0073486
358,Spawn,1997,tt0120177
359,The Assignment,1997,tt0118647
360,Wonderland,1997,tt0120529
361,Incognito,1997,tt0119365
362,Blues Brothers 2000,1998,tt0118747
363,Sudden Death,1995,tt0114576
364,Ace Ventura: When Nature Calls,1995,tt0112281
365,Powder,1995,tt0114168
366,Dangerous Minds,1995,tt0112792
367,Clueless,1995,tt0112697
368,Bio-Dome,1996,tt0115683
369,Black Sheep,1996,tt0115697
370,Mary Reilly,1996,tt0117002
371,The Bridges of Madison County,1995,tt0112579
372,Jeffrey,1995,tt0113464
373,Judge Dredd,1995,tt0113492
374,Mighty Morphin Power Rangers: The Movie,1995,tt0113820
375,Showgirls,1995,tt0114436
376,Houseguest,1994,
377,Heavyweights,1994,
378,Miracle on 34th Street,1994,tt0110527
379,Tales From the Crypt Presents: Demon Knight,1995,
380,Star Trek: Generations,1994,tt0111280
381,Muriel's Wedding,1994,tt0110598
382,"Queen of the Desert, The Adventures of Priscilla",1994,
383,The Flintstones,1994,tt0109813
384,Naked Gun 33 1/3: The Final Insult,1994,tt0110622
385,True Lies,1994,tt0111503
386,Addams Family Values,1993,tt0106220
387,The Age of Innocence,1993,tt0106226
388,Beverly Hills Cop III,1994,tt0109254
389,Black Beauty,1994,tt0109279
390,Fear of a Black Hat,1993,tt0106880
391,Last Action Hero,1993,tt0107362
392,The Man Without a Face,1993,tt0107501
393,Mrs. Doubtfire,1993,tt0107614
394,Radioland Murders,1994,tt0110939
395,Robin Hood: Men in Tights,1993,tt0107977
396,Serial Mom,1994,tt0111127
397,Striking Distance,1993,tt0108238
398,Super Mario Bros.,1993,tt0108255
399,The Three Musketeers,1993,tt0108333
400,The Little Rascals,1994,tt0110366
401,The Brady Bunch Movie,1995,tt0112572
402,Ghost,1990,tt0099653
403,Batman,1989,tt0096895
404,Pinocchio,1940,tt0032910
405,Mission: Impossible,1996,tt0117060
406,Thinner,1996,tt0117894
407,Spy Hard,1996,tt0117723
408,A Close Shave,1995,tt0112691
409,Jack,1996,tt0116669
410,Kingpin,1996,tt0116778
411,The Nutty Professor,1996,tt0117218
412,A Very Brady Sequel,1996,tt0118073
413,Tales from the Crypt Presents: Bordello of Blood,1996,
414,My Favorite Year,1982,tt0084370
415,The Apple Dumpling Gang,1975,tt0072653
416,Old Yeller,1957,tt0050798
417,The Parent Trap,1961,tt0055277
418,Cinderella,1950,tt0042332
419,Mary Poppins,1964,tt0058331
420,Alice in Wonderland,1951,tt0043274
421,William Shakespeare's Romeo and Juliet,1996,
422,Aladdin and the King of Thieves,1996,
423,E.T. the Extra-Terrestrial,1982,tt0083866
424,Children of the Corn: The Gathering,1996,
425,Bob Roberts,1992,tt0103850
426,The Transformers: The Movie,1986,tt0092106
427,To Kill a Mockingbird,1962,tt0056592
428,Harold and Maude,1971,tt0067185
429,The Day the Earth Stood Still,1951,tt0043456
430,Duck Soup,1933,tt0023969
431,Highlander,1986,tt0091203
432,Fantasia,1940,tt0032455
433,Heathers,1989,
434,Forbidden Planet,1956,tt0049223
435,Butch Cassidy and the Sundance Kid,1969,tt0064115
436,An American Werewolf in London,1981,tt0082010
437,Amityville 1992: It's About Time,1992,
438,Amityville 3-D,1983,tt0085159
439,Amityville: A New Generation,1993,
440,Amityville II: The Possession,1982,tt0083550
441,The Amityville Horror,1979,tt0078767
442,The Amityville Curse,1990,
443,The Birds,1963,tt0056869
444,The Blob,1958,tt0051418
445,The Body Snatcher,1945,tt0037549
446,Burnt Offerings,1976,tt0074258
447,Carrie,1976,tt0074285
448,The Omen,1976,tt0075005
449,Star Trek: The Motion Picture,1979,tt0079945
450,Star Trek V: The Final Frontier,1989,tt0098382
451,Grease,1978,tt0077631
452,Jaws 2,1978,tt0077766
453,Jaws 3-D,1983,tt0085750
454,Bastard Out of Carolina,1996,tt0115633
455,Jackie Chan's First Strike,1996,
456,Beverly Hills Ninja,1997,tt0118708
457,Free Willy 3: The Rescue,1997,tt0119152
458,Nixon,1995,tt0113987
459,the Beloved Country Cry,1995,
460,The Crossing Guard,1995,tt0112744
461,Smoke,1995,tt0114478
462,Like Water For Chocolate,1992,
463,The Secret of Roan Inish,1994,tt0111112
464,Vanya on 42nd Street,1994,tt0111590
465,The Jungle Book,1994,tt0110213
466,Red Rock West,1992,
467,A Bronx Tale,1993,tt0106489
468,Rudy,1993,tt0108002
469,Short Cuts,1993,tt0108122
470,Tombstone,1993,tt0108358
471,Courage Under Fire,1996,tt0115956
472,Dragonheart,1996,
473,James and the Giant Peach,1996,tt0116683
474,Dr. Strangelove or: How I Learned to Stop Worrying and Love the Bomb,1963,
475,Trainspotting,1996,tt0117951
476,The First Wives Club,1996,tt0116313
477,Matilda,1996,tt0117008
478,The Philadelphia Story,1940,tt0032904
479,Vertigo,1958,tt0052357
480,North by Northwest,1959,tt0053125
481,The Apartment,1960,tt0053604
482,Some Like It Hot,1959,tt0053291
483,Casablanca,1942,tt0034583
484,The Maltese Falcon,1941,tt0033870
485,My Fair Lady,1964,tt0058385
486,Sabrina,1954,tt0047437
487,Roman Holiday,1953,tt0046250
488,Sunset Blvd.,1950,tt0043014
489,Notorious,1946,tt0038787
490,To Catch a Thief,1955,tt0048728
491,The Adventures of Robin Hood,1938,tt0029843
492,East of Eden,1955,tt0048028
493,The Thin Man,1934,tt0025878
494,His Girl Friday,1940,tt0032599
495,Around the World in 80 Days,1956,tt0048960
496,It's a Wonderful Life,1946,tt0038650
497,Bringing Up Baby,1938,tt0029947
498,The African Queen,1951,tt0043265
499,Cat on a Hot Tin Roof,1958,tt0051459
500,Fly Away Home,1996,tt0116329
501,Dumbo,1941,tt0033563
502,Bananas,1971,tt0066808
503,The Candidate,1972,tt0068334
504,Bonnie and Clyde,1967,tt0061418
505,Dial M for Murder,1954,tt0046912
506,Rebel Without a Cause,1955,tt0048545
507,A Streetcar Named Desire,1951,tt0044081
508,The People vs. Larry Flynt,1996,tt0117318
509,My Left Foot,1989,tt0097937
510,The Magnificent Seven,1954,
511,Lawrence of Arabia,1962,tt0056172
512,Wings of Desire,1987,tt0093191
513,The Third Man,1949,tt0041959
514,Annie Hall,1977,tt0075686
515,Das Boot,1981,tt0082096
516,Local Hero,1983,tt0085859
517,Manhattan,1979,tt0079522
518,Miller's Crossing,1990,tt0100150
519,The Treasure of the Sierra Madre,1948,tt0040897
520,The Great Escape,1963,tt0057115
521,The Deer Hunter,1978,tt0077416
522,Down by Law,1986,tt0090967
523,Cool Hand Luke,1967,tt0061512
524,The Great Dictator,1940,tt0032553
525,The Big Sleep,1946,tt0038355
526,Ben-Hur,1959,tt0052618
527,Gandhi,1982,tt0083987
528,The Killing Fields,1984,tt0087553
529,My Life as a Dog,1985,tt0089606
530,The Man Who Would Be King,1975,tt0073341
531,Shine,1996,tt0117631
532,Kama Sutra: A Tale of Love,1996,tt0116743
533,The Daytrippers,1996,tt0116041
534,Traveller,1997,tt0120366
535,Addicted to Love,1997,tt0118556
536,Ponette,1996,tt0117359
537,My Own Private Idaho,1991,tt0102494
538,Anastasia,1997,tt0118617
539,Mouse Hunt,1997,
540,Money Train,1995,tt0113845
541,Mortal Kombat,1995,tt0113855
542,Pocahontas,1995,tt0114148
543,Les Misérables,1995,
544,Things to Do in Denver when You're Dead,1995,
545,Vampire in Brooklyn,1995,tt0114825
546,Broken Arrow,1996,tt0115759
547,The Young Poisoner's Handbook,1995,tt0115033
548,The NeverEnding Story III,1994,tt0110647
549,Rob Roy,1995,tt0114287
550,Die Hard: With a Vengeance,1995,tt0112864
551,Lord of Illusions,1995,tt0113690
552,Species,1995,tt0114508
553,A Walk in the Clouds,1995,tt0114887
554,Waterworld,1995,tt0114898
555,White Man's Burden,1995,tt0114928
556,Wild Bill,1995,tt0114938
557,Farinelli: il castrato,1994,
558,Heavenly Creatures,1994,tt0110005
559,Interview with the Vampire,1994,
560,A Kid in King Arthur's Court,1995,tt0113538
561,Mary Shelley's Frankenstein,1994,tt0109836
562,The Quick and the Dead,1995,tt0114214
563,Stephen King's The Langoliers,1995,
564,Tales from the Hood,1995,tt0114609
565,Village of the Damned,1995,tt0114852
566,Clear and Present Danger,1994,tt0109444
567,Wes Craven's New Nightmare,1994,tt0111686
568,Speed,1994,tt0111257
569,Wolf,1994,tt0111742
570,Wyatt Earp,1994,tt0111756
571,Another Stakeout,1993,tt0106292
572,Blown Away,1994,tt0109303
573,Body Snatchers,1993,tt0106452
574,Boxing Helena,1993,tt0106471
575,City Slickers II: The Legend of Curly's Gold,1994,tt0109439
576,Cliffhanger,1993,tt0106582
577,Coneheads,1993,tt0106598
578,Demolition Man,1993,tt0106697
579,Fatal Instinct,1993,tt0106873
580,"But Came Down a Mountain, The Englishman Who Went Up a Hill",1995,
581,Kalifornia,1993,tt0107302
582,The Piano,1993,tt0107822
583,Romeo Is Bleeding,1993,tt0107983
584,The Secret Garden,1993,tt0108071
585,Son in Law,1993,tt0108186
586,Terminal Velocity,1994,tt0111400
587,The Hour of the Pig,1993,tt0107146
588,Beauty and the Beast,1991,tt0101414
589,The Wild Bunch,1969,tt0065214
590,Hellraiser: Bloodline,1996,tt0116514
591,Primal Fear,1996,tt0117381
592,True Crime,1995,
593,Stalingrad,1993,tt0108211
594,Heavy,1995,tt0113280
595,The Fan,1996,tt0116277
596,The Hunchback of Notre Dame,1996,tt0116583
597,Eraser,1996,tt0116213
598,The Big Squeeze,1996,tt0115680
599,Police Story 4: Project S,1993,
600,Daniel Defoe's Robinson Crusoe,1996,
601,For Whom the Bell Tolls,1943,tt0035896
602,An American in Paris,1951,tt0043278
603,Rear Window,1954,tt0047396
604,It Happened One Night,1934,tt0025316
605,Meet Me in St. Louis,1944,tt0037059
606,All About Eve,1950,tt0042192
607,Rebecca,1940,tt0032976
608,Spellbound,1945,tt0038109
609,Father of the Bride,1950,tt0042451
610,Gigi,1958,tt0051658
611,Laura,1944,tt0037008
612,Lost Horizon,1937,tt0029162
613,My Man Godfrey,1936,tt0028010
614,Giant,1956,tt0049261
615,The 39 Steps,1935,tt0026029
616,Night of the Living Dead,1968,tt0063350
617,The Blue Angel,1930,tt0020697
618,Picnic,1955,tt0048491
619,Extreme Measures,1996,tt0116259
620,The Chamber,1996,tt0115862
621,King of the Wild Frontier Davy Crockett,1955,
622,Swiss Family Robinson,1960,tt0054357
623,Angels in the Outfield,1994,tt0109127
624,The Three Caballeros,1945,
625,The Sword in the Stone,1963,tt0057546
626,So Dear to My Heart,1949,
627,Robin Hood: Prince of Thieves,1991,tt0102798
628,Sleepers,1996,tt0117665
629,Victor/Victoria,1982,
630,The Great Race,1965,tt0059243
631,The Crying Game,1992,tt0104036
632,Sophie's Choice,1982,tt0084707
633,A Christmas Carol,1938,tt0029992
634,Microcosmos: Le peuple de l'herbe,1996,tt0117040
635,The Fog,1980,tt0080749
636,Escape from New York,1981,tt0082340
637,The Howling,1981,tt0082533
638,The Return of Martin Guerre,1982,tt0084589
639,The Tin Drum,1979,tt0078875
640,The Cook the Thief His Wife & Her Lover,1989,
641,Paths of Glory,1957,tt0050825
642,The Grifters,1990,tt0099703
643,The Innocent,1994,
644,The Thin Blue Line,1988,tt0096257
645,Paris Is Burning,1990,tt0100332
646,Once Upon a Time in the West,1969,
647,Ran,1985,tt0089881
648,The Quiet Man,1952,tt0045061
649,Once Upon a Time in America,1984,tt0087843
650,The Seventh Seal,1957,tt0050976
651,Glory,1989,tt0097441
652,Rosencrantz and Guildenstern Are Dead,1990,
653,Touch of Evil,1958,tt0052311
654,Chinatown,1974,tt0071315
655,Stand by Me,1986,tt0092005
656,M,1931,tt0022100
657,The Manchurian Candidate,1962,tt0056218
658,Pump Up the Volume,1990,tt0100436
659,Arsenic and Old Lace,1944,
660,Fried Green Tomatoes,1991,tt0101921
661,High Noon,1952,tt0044706
662,Somewhere in Time,1980,tt0081534
663,Being There,1979,tt0078841
664,Texas Paris,1984,
665,Alien 3,1992,tt0103644
666,Blood For Dracula,1974,
667,Audrey Rose,1977,tt0075704
668,Blood Beach,1981,
669,Body Parts,1991,tt0101492
670,Body Snatchers,1993,tt0106452
671,Bride of Frankenstein,1935,tt0026138
672,Candyman,1992,tt0103919
673,Cape Fear,1962,tt0055824
674,Cat People,1982,tt0083722
675,Nosferatu,1922,tt0013442
676,The Crucible,1996,tt0115988
677,Fire on the Mountain,1996,tt0116310
678,Volcano,1997,tt0120461
679,Conan the Barbarian,1981,
680,Kull the Conqueror,1997,tt0119484
681,Wishmaster,1997,tt0120524
682,I Know What You Did Last Summer,1997,tt0119345
683,Rocket Man,1997,
684,In the Line of Fire,1993,tt0107206
685,Executive Decision,1996,tt0116253
686,A Perfect World,1993,tt0107808
687,McHale's Navy,1997,tt0119640
688,Leave It to Beaver,1997,tt0119509
689,The Jackal,1997,tt0119395
690,Seven Years in Tibet,1997,tt0120102
691,Dark City,1998,tt0118929
692,The American President,1995,tt0112346
693,Casino,1995,tt0112641
694,Persuasion,1995,tt11333812
695,Kicking and Screaming,1995,tt0113537
696,City Hall,1996,tt0115907
697,The Basketball Diaries,1995,tt0112461
698,The Browning Version,1994,tt0109340
699,Little Women,1994,tt0110367
700,Miami Rhapsody,1995,tt0113808
701,"Horrible Life of Leni Riefenstahl, The Wonderful",1993,
702,Barcelona,1994,tt0109219
703,Widows' Peak,1994,tt0111712
704,The House of the Spirits,1993,tt0107151
705,Singin' in the Rain,1952,tt0045152
706,Bad Moon,1996,tt0115610
707,Enchanted April,1991,tt0101811
708,"Lies, and Videotape Sex",1989,
709,Strictly Ballroom,1992,tt0105488
710,Better Off Dead...,1985,tt0088794
711,The Substance of Fire,1996,tt0117773
712,Tin Men,1987,tt0094155
713,Othello,1995,tt0114057
714,Carrington,1995,tt0112637
715,To Die For,1995,tt0114681
716,Home for the Holidays,1995,tt0113321
717,The Juror,1996,tt0116731
718,In the Bleak Midwinter,1995,tt0113403
719,Canadian Bacon,1994,
720,First Knight,1995,tt0113071
721,Mallrats,1995,tt0113749
722,Nine Months,1995,tt0113986
723,Boys on the Side,1995,tt0112571
724,Circle of Friends,1995,tt0112679
725,Exit to Eden,1994,tt0109758
726,Fluke,1995,tt0113089
727,Immortal Beloved,1994,tt0110116
728,Junior,1994,tt0110216
729,Nell,1994,tt0110638
730,Queen Margot,1994,tt0110963
731,Corrina Corrina,1994,
732,Dave,1993,tt0106673
733,Go Fish,1994,tt0109913
734,Made in America,1993,tt0107478
735,Philadelphia,1993,tt0107818
736,Shadowlands,1993,tt0108101
737,Sirens,1994,tt0111201
738,Threesome,1994,tt0111418
739,Pretty Woman,1990,tt0100405
740,Jane Eyre,1996,tt0116684
741,The Last Supper,1995,tt0113613
742,Ransom,1996,tt0117438
743,The Crow: City of Angels,1996,tt0115986
744,Michael Collins,1996,tt0117039
745,The Ruling Class,1972,tt0069198
746,Real Genius,1985,tt0089886
747,Benny & Joon,1993,tt0106387
748,The Saint,1997,tt0120053
749,The MatchMaker,1997,tt0119632
750,Amistad,1997,tt0118607
751,Tomorrow Never Dies,1997,tt0120347
752,The Replacement Killers,1998,tt0120008
753,Burnt By the Sun,1994,
754,Red Corner,1997,tt0119994
755,Jumanji,1995,tt0113497
756,Father of the Bride Part II,1995,tt0113041
757,Across the Sea of Time,1995,tt0112286
758,Lawnmower Man 2: Beyond Cyberspace,1996,tt0116839
759,Fair Game,1995,tt0113010
760,Screamers,1995,tt0114367
761,Nick of Time,1995,tt0113972
762,Beautiful Girls,1996,tt0115639
763,Happy Gilmore,1996,tt0116483
764,If Lucy Fell,1996,tt0116606
765,Boomerang,1992,tt0103859
766,Man of the Year,1995,tt0113756
767,The Addiction,1995,tt0112288
768,Casper,1995,tt0112642
769,Congo,1995,tt0112715
770,Devil in a Blue Dress,1995,tt0112857
771,Johnny Mnemonic,1995,tt0113481
772,Kids,1995,tt0113540
773,Mute Witness,1994,
774,The Prophecy,1995,tt0114194
775,Something to Talk About,1995,tt0114496
776,Three Wishes,1995,tt0114663
777,Castle Freak,1995,
778,Don Juan DeMarco,1995,
779,Drop Zone,1994,tt0109676
780,Dumb & Dumber,1994,
781,French Kiss,1995,tt0113117
782,Little Odessa,1994,tt0110365
783,Milk Money,1994,tt0110516
784,Beyond Bedlam,1993,
785,Only You,1994,tt0110737
786,The Perez Family,1995,tt0114113
787,Roommates,1995,tt0114296
788,Relative Fear,1994,tt0110965
789,Swimming with Sharks,1995,
790,Tommy Boy,1995,tt0114694
791,The Baby-Sitters Club,1995,tt0112435
792,Bullets Over Broadway,1994,tt0109348
793,Crooklyn,1994,tt0109504
794,It Could Happen to You,1994,tt0110167
795,Richie Rich,1994,tt0110989
796,Speechless,1994,tt0111256
797,Timecop,1994,tt0111438
798,Bad Company,1995,tt0112443
799,Boys Life,1995,
800,In the Mouth of Madness,1995,tt0113409
801,The Air Up There,1994,tt0109067
802,Hard Target,1993,tt0107076
803,Heaven & Earth,1993,tt0107096
804,Jimmy Hollywood,1994,tt0110197
805,Manhattan Murder Mystery,1993,tt0107507
806,Menace II Society,1993,tt0107554
807,Poetic Justice,1993,tt0107840
808,The Program,1993,tt0107889
809,Rising Sun,1993,tt0107969
810,The Shadow,1994,tt0111143
811,Thirty-Two Short Films About Glenn Gould,1993,
812,Andre,1994,tt0109120
813,The Celluloid Closet,1995,tt0112651
814,A Great Day in Harlem,1994,tt0109934
815,One Fine Day,1996,tt0117247
816,Candyman: Farewell to the Flesh,1995,tt0112625
817,Frisk,1995,tt0113122
818,Girl 6,1996,tt0116414
819,Eddie,1996,tt0116168
820,Space Jam,1996,tt0117705
821,Mrs. Winterbourne,1996,tt0117104
822,Faces,1968,tt0062952
823,Mulholland Falls,1996,tt0117107
824,The Great White Hype,1996,tt0116448
825,The Arrival,1996,tt0115571
826,The Phantom,1996,tt0117331
827,Daylight,1996,tt0116040
828,Alaska,1996,tt0115493
829,Fled,1996,tt0116320
830,Power 98,1995,
831,Escape from L.A.,1996,tt0116225
832,Bogus,1996,tt0115725
833,Bulletproof,1996,tt0115783
834,Halloween: The Curse of Michael Myers,1995,tt0113253
835,The Gay Divorcee,1934,tt0025164
836,Ninotchka,1939,tt0031725
837,Meet John Doe,1941,tt0033891
838,In the Line of Duty 2,1987,
839,Loch Ness,1995,
840,Last Man Standing,1996,tt0116830
841,The Glimmer Man,1996,tt0116421
842,Pollyanna,1960,tt0054195
843,The Shaggy Dog,1959,tt0053271
844,Freeway,1996,tt0116361
845,That Thing You Do!,1996,tt0117887
846,To Gillian on Her 37th Birthday,1996,tt0117924
847,Looking for Richard,1996,tt0116913
848,My Sweet Murder,1944,
849,Days of Thunder,1990,tt0099371
850,A Perfect Candidate,1996,tt0117320
851,Two or Three Things I Know About Her,1966,
852,The Bloody Child,1996,tt0115715
853,Braindead,1992,tt0103873
854,Bad Taste,1987,tt0092610
855,Diva,1981,tt0082269
856,Night on Earth,1991,tt0102536
857,Paris Was a Woman,1995,
858,Amityville: Dollhouse,1996,
859,April Fool's Day,1986,tt0090655
860,The Believers,1987,tt0092632
861,Nosferatu a Venezia,1986,
862,Jingle All the Way,1996,tt0116705
863,The Garden of Finzi-Contini,1970,
864,My Fellow Americans,1996,tt0117119
865,The Ice Storm,1997,tt0119349
866,Michael,1996,tt0117038
867,The Whole Wide World,1996,tt0118163
868,Hearts and Minds,1996,
869,Fools Rush In,1997,tt0119141
870,Touch,1997,tt0120357
871,Vegas Vacation,1997,tt0120434
872,Love Jones,1997,tt0119572
873,Picture Perfect,1997,tt0119896
874,Career Girls,1997,tt0118818
875,She's So Lovely,1997,tt0120112
876,Money Talks,1997,tt0119695
877,Excess Baggage,1997,tt0119086
878,That Darn Cat!,1997,
879,The Peacemaker,1997,tt0119874
880,Soul Food,1997,tt0120169
881,Money Talks,1997,tt0119695
882,Washington Square,1997,tt0120481
883,Telling Lies in America,1997,tt0120303
884,Year of the Horse,1997,tt0120539
885,Phantoms,1998,tt0119891
886,A Life Less Ordinary,1997,tt0119535
887,Eve's Bayou,1997,tt0119080
888,One Night Stand,1997,tt0119832
889,The Tango Lesson,1997,tt0120275
890,Mortal Kombat: Annihilation,1997,tt0119707
891,Bent,1997,tt0118698
892,Flubber,1997,tt0119137
893,For Richer or Poorer,1997,tt0119142
894,Home Alone 3,1997,tt0119303
895,Scream 2,1997,tt0120082
896,The Sweet Hereafter,1997,tt0120255
897,Time Tracers,1995,
898,The Postman,1997,tt0119925
899,The Winter Guest,1997,tt0120521
900,Kundun,1997,tt0119485
901,Mr. Magoo,1997,tt0119718
902,The Big Lebowski,1998,tt0118715
903,Afterglow,1997,tt0118566
904,Ma vie en rose,1997,tt0119590
905,Great Expectations,1998,tt0119223
906,Oscar & Lucinda,1997,
907,Vermin,1998,tt0120881
908,Half Baked,1998,tt0120693
909,Dangerous Beauty,1998,tt0118892
910,Nil By Mouth,1997,
911,Twilight,1998,tt0119594
912,U.S. Marshalls,1998,
913,Love and Death on Long Island,1997,tt0119574
914,Wild Things,1998,tt0120890
915,Primary Colors,1998,tt0119942
916,Lost in Space,1998,tt0120738
917,Mercury Rising,1998,tt0120749
918,City of Angels,1998,tt0120632
919,The City of Lost Children,1995,tt0112682
920,Two Bits,1995,tt0114753
921,Farewell My Concubine,1993,tt0106332
922,Dead Man,1995,tt0112817
923,Raise the Red Lantern,1991,tt0101640
924,White Squall,1996,tt0118158
925,Unforgettable,1996,tt0118040
926,Down Periscope,1996,tt0116130
927,The Flower of My Secret,1995,tt0113083
928,The Craft,1996,tt0115963
929,Harriet the Spy,1996,tt0116493
930,Chain Reaction,1996,tt0115857
931,The Island of Dr. Moreau,1996,tt0116654
932,First Kid,1996,tt0116311
933,The Funeral,1996,tt0116378
934,The Preacher's Wife,1996,tt0117372
935,Paradise Road,1997,tt0119859
936,Brassed Off,1996,tt0115744
937,A Thousand Acres,1997,tt0120323
938,A Smile Like Yours,1997,tt0120151
939,Murder in the First,1995,tt0113870
940,Airheads,1994,tt0109068
941,With Honors,1994,tt0111732
942,What's Love Got to Do with It,1993,tt0108551
943,Killing Zoe,1994,
944,Renaissance Man,1994,tt0110971
945,Charade,1963,tt0056923
946,The Fox and the Hound,1981,tt0082406
947,The Big Blue,1988,tt0094738
948,Booty Call,1997,tt0118750
949,How to Make an American Quilt,1995,tt0113347
950,Georgia,1995,tt0113158
951,The Indian in the Cupboard,1995,tt0113419
952,Blue in the Face,1995,tt0112541
953,Unstrung Heroes,1995,tt0114798
954,Unzipped,1995,tt0114805
955,Before Sunrise,1995,tt0112471
956,Nobody's Fool,1994,tt0110684
957,Pushing Hands,1992,
958,To Live,1994,tt0110081
959,Dazed and Confused,1993,tt0106677
960,Naked,1993,tt0107653
961,Orlando,1993,
962,Ruby in Paradise,1993,tt0108000
963,Some Folks Call It a Sling Blade,1993,
964,A Month by the Lake,1995,tt0113849
965,Funny Face,1957,tt0050419
966,An Affair to Remember,1957,tt0050105
967,Little Lord Fauntleroy,1936,tt0027893
968,The Inspector General,1949,tt0041509
969,Winnie the Pooh and the Blustery Day,1968,tt0063819
970,Hear My Song,1991,tt0102014
971,Mediterraneo,1991,tt0102426
972,Passion Fish,1992,tt0105107
973,Grateful Dead,1995,tt0113212
974,Eye for an Eye,1996,tt0116260
975,Fear,1996,tt0116287
976,Solo,1996,tt0117688
977,The Substitute,1996,tt0117774
978,Heaven's Prisoners,1996,tt0116508
979,The Trigger Effect,1996,tt0117965
980,Mother Night,1996,tt0117093
981,Dangerous Ground,1997,tt0118927
982,Maximum Risk,1996,tt0117011
983,The Rich Man's Wife,1996,tt0117473
984,Shadow Conspiracy,1997,tt0120107
985,Blood & Wine,1997,
986,Turbulence,1997,tt0120390
987,Underworld,1997,
988,The Beautician and the Beast,1997,tt0118691
989,Cats Don't Dance,1997,tt0118829
990,Anna Karenina,1997,tt0118623
991,Keys to Tulsa,1997,tt0116762
992,Head Above Water,1996,tt0116502
993,Hercules,1997,tt0119282
994,The Last Time I Committed Suicide,1997,tt0119502
995,Guido Kiss Me,1997,
996,The Big Green,1995,tt0112499
997,Stuart Saves His Family,1995,tt0114571
998,Cabin Boy,1994,tt0109361
999,Clean Slate,1994,tt0109443
1000,Lightning Jack,1994,tt0110353
1001,The Stupids,1996,tt0117768
1002,The Pest,1997,tt0119887
1003,That Darn Cat!,1997,
1004,Geronimo: An American Legend,1993,tt0107004
1005,La Double vie de Véronique,1991,
1006,Until the End of the World,1991,tt0101458
1007,Waiting for Guffman,1996,tt0118111
1008,I Shot Andy Warhol,1996,tt0116594
1009,Stealing Beauty,1996,tt0117737
1010,Basquiat,1996,tt0115632
1011,2 Days in the Valley,1996,tt0115438
1012,Private Parts,1997,tt0119951
1013,Anaconda,1997,tt0118615
1014,Romy and Michele's High School Reunion,1997,tt0120032
1015,Shiloh,1997,
1016,Con Air,1997,tt0118880
1017,Trees Lounge,1996,tt0117958
1018,Tie Me Up! Tie Me Down!,1990,
1019,Die xue shuang xiong,1989,
1020,Gaslight,1944,tt0036855
1021,8 1/2,1963,
1022,Cheap & Out of Control Fast,1997,
1023,Fathers' Day,1997,tt0119109
1024,Mrs. Dalloway,1997,
1025,Fire Down Below,1997,tt0119123
1026,The Lay of the Land,1997,tt0123953
1027,The Shooter,1995,tt0114432
1028,Grumpier Old Men,1995,tt0113228
1029,Jury Duty,1995,tt0113500
1030,The Beverly Hillbillies,1993,tt0106400
1031,Lassie,1994,tt0110305
1032,Little Big League,1994,tt0110363
1033,Homeward Bound II: Lost in San Francisco,1996,tt0116552
1034,The Quest,1996,tt0117420
1035,Cool Runnings,1993,tt0106611
1036,Drop Dead Fred,1991,tt0101775
1037,Grease 2,1982,tt0084021
1038,Switchback,1997,tt0119210
1039,Hamlet,1996,tt0116477
1040,Two if by Sea,1996,
1041,Forget Paris,1995,tt0113097
1042,Just Cause,1995,tt0113501
1043,Rent-a-Kid,1995,
1044,The Paper,1994,tt0110771
1045,Fearless,1993,tt0106881
1046,Malice,1993,tt0107497
1047,Multiplicity,1996,tt0117108
1048,She's the One,1996,tt0117628
1049,House Arrest,1996,tt0116571
1050,The Ghost and Mrs. Muir,1947,tt0039420
1051,The Associate,1996,tt0115580
1052,Dracula: Dead and Loving It,1995,tt0112896
1053,Now and Then,1995,tt0114011
1054,Mr. Wrong,1996,tt0117102
1055,A Simple Twist of Fate,1994,tt0111194
1056,Cronos,1992,
1057,The Pallbearer,1996,tt0117283
1058,The War,1994,tt0111667
1059,Don't Be a Menace to South Central While Drinking Your Juice in the Hood,1996,tt0116126
1060,The Adventures of Pinocchio,1996,tt0115472
1061,The Evening Star,1996,tt0116240
1062,Four Days in September,1997,tt0119815
1063,A Little Princess,1995,tt0113670
1064,Crossfire,1947,tt0039286
1065,Koyaanisqatsi,1983,
1066,Balto,1995,tt0112453
1067,Bottle Rocket,1996,tt0115734
1068,The Star Maker,1995,tt0114808
1069,Amateur,1994,tt0109093
1070,Living in Oblivion,1995,tt0113677
1071,Party Girl,1995,tt0114095
1072,A Pyromaniac's Love Story,1995,tt0114210
1073,Shallow Grave,1994,tt0111149
1074,Reality Bites,1994,tt0110950
1075,A Man of No Importance,1994,tt0110455
1076,The Pagemaster,1994,tt0110763
1077,Love and a .45,1994,tt0110395
1078,Oliver & Company,1988,tt0095776
1079,Joe's Apartment,1996,tt0116707
1080,Celestial Clockwork,1994,tt0109485
1081,Curdled,1996,tt0115994
1082,Female Perversions,1996,tt0116293
1083,Albino Alligator,1996,tt0115495
1084,Anne Frank Remembered,1995,tt0112373
1085,Carried Away,1996,tt0115837
1086,It's My Party,1995,
1087,Bloodsport 2,1995,
1088,Double Team,1997,tt0119013
1089,Speed 2: Cruise Control,1997,tt0120179
1090,Sliver,1993,tt0108162
1091,Pete's Dragon,1977,tt0076538
1092,Dear God,1996,tt0116059
1093,Live Nude Girls,1995,tt0113674
1094,A Thin Line Between Love and Hate,1996,tt0117891
1095,High School High,1996,tt0116531
1096,Commandments,1997,tt0115927
1097,Hate,1995,
1098,Flirting With Disaster,1996,
1099,Green Firecracker Red Firecracker,1994,
1100,What Happened Was...,1994,tt0111689
1101,Six Degrees of Separation,1993,tt0108149
1102,Two Much,1996,
1103,Trust,1990,tt0103130
1104,C'est arrivé près de chez vous,1992,
1105,Firestorm,1998,tt0120670
1106,The Newton Boys,1998,tt0120769
1107,Beyond Rangoon,1995,tt0112495
1108,Feast of July,1995,tt0113044
1109,Death and the Maiden,1994,tt0109579
1110,Tank Girl,1995,tt0114614
1111,Double Happiness,1994,tt0109655
1112,Cobb,1994,tt0109450
1113,Mrs. Parker and the Vicious Circle,1994,tt0110588
1114,Faithful,1996,tt0116269
1115,Twelfth Night,1996,tt0117991
1116,The Mark of Zorro,1940,tt0032762
1117,Surviving Picasso,1996,tt0117791
1118,Up in Smoke,1978,tt0078446
1119,Some Kind of Wonderful,1987,tt0094006
1120,I'm Not Rappaport,1996,tt0116601
1121,The Umbrellas of Cherbourg,1964,tt0058450
1122,They Made Me a Criminal,1939,tt0032022
1123,The Last Time I Saw Paris,1954,tt0047162
1124,A Farewell to Arms,1932,tt0022879
1125,The Innocents,1961,tt0055018
1126,The Old Man and the Sea,1958,tt0052027
1127,The Truman Show,1998,tt0120382
1128,Heidi Fleiss: Hollywood Madam,1995,
1129,Chungking Express,1994,tt0109424
1130,Jupiter's Wife,1994,
1131,Safe,1995,tt0114323
1132,Feeling Minnesota,1996,tt0116289
1133,Escape to Witch Mountain,1975,tt0072951
1134,Get on the Bus,1996,tt0116404
1135,The Doors,1991,tt0101761
1136,Ghosts of Mississippi,1996,tt0116410
1137,Beautiful Thing,1996,tt0115640
1138,Best Men,1997,tt0118702
1139,Hackers,1995,tt0113243
1140,The Road to Wellville,1994,tt0111001
1141,The War Room,1993,tt0108515
1142,When We Were Kings,1996,tt0118147
1143,Hard Eight,1996,tt0119256
1144,The Quiet Room,1996,tt0117422
1145,Blue Chips,1994,tt0109305
1146,Calendar Girl,1993,tt0106505
1147,My Family,1995,tt0113896
1148,Tom & Viv,1994,tt0111454
1149,Walkabout,1971,tt0067959
1150,Last Dance,1996,tt0116827
1151,Original Gangstas,1996,tt0117260
1152,In Love and War,1996,tt0116621
1153,Backbeat,1993,
1154,Alphaville,1965,tt0058898
1155,Rendezvous in Paris,1995,
1156,Cyclo,1995,tt0112767
1157,The Relic,1997,tt0120004
1158,La Fille seule,1995,
1159,Stalker,1979,tt0079944
1160,Love! Valour! Compassion!,1997,tt0119578
1161,Palookaville,1996,
1162,Phat Beach,1996,tt0117332
1163,The Portrait of a Lady,1996,tt0117364
1164,Zeus and Roxanne,1997,tt0120550
1165,Big Bully,1996,tt0115676
1166,Love & Human Remains,1993,tt0107447
1167,The Sum of Us,1994,tt0111309
1168,Little Buddha,1993,tt0107426
1169,Fresh,1994,tt0109842
1170,Spanking the Monkey,1994,tt0111252
1171,Wild Reeds,1994,tt0111019
1172,The Women,1939,tt0032143
1173,Bliss,1997,tt0118742
1174,Caught,1996,tt0115847
1175,Hugo Pool,1997,tt0119327
1176,Welcome To Sarajevo,1997,
1177,Dunston Checks In,1996,tt0116151
1178,Major Payne,1994,
1179,Man of the House,1995,tt0113755
1180,I Love Trouble,1994,tt0110093
1181,A Low Down Dirty Shame,1994,tt0110399
1182,Cops and Robbersons,1994,tt0109480
1183,The Cowboy Way,1994,tt0109493
1184,The Endless Summer 2,1994,tt0109729
1185,In the Army Now,1994,tt0110123
1186,The Inkwell,1994,tt0110137
1187,Switchblade Sisters,1975,tt0073778
1188,Young Guns II,1990,tt0100994
1189,Prefontaine,1997,tt0119937
1190,That Old Feeling,1997,tt0120318
1191,A Letter From Death Row,1998,
1192,The Boys of St. Vincent,1993,
1193,Before the Rain,1994,tt0110882
1194,Once Were Warriors,1994,tt0110729
1195,Strawberry and Chocolate,1993,
1196,Savage Nights,1992,tt0105032
1197,A Family Thing,1996,tt0116275
1198,Purple Noon,1960,tt0054189
1199,Cemetery Man,1994,
1200,Kim,1950,tt0042644
1201,Marlene Dietrich: Shadow and Light,1996,
1202,Maybe Not Maybe,1994,
1203,Top Hat,1935,tt0027125
1204,To Be or Not to Be,1942,tt0035446
1205,The Secret Agent,1996,tt0117582
1206,Amos & Andrew,1993,tt0106266
1207,Jade,1995,tt0113451
1208,Kiss of Death,1995,tt0113552
1209,Mixed Nuts,1994,tt0110538
1210,Virtuosity,1995,tt0114857
1211,Blue Sky,1994,tt0109306
1212,Flesh and Bone,1993,tt0106926
1213,Guilty as Sin,1993,tt0107057
1214,In the Realm of the Senses,1976,tt0074102
1215,Barb Wire,1996,tt0115624
1216,Kissed,1996,tt0116783
1217,Assassins,1995,tt0112401
1218,Friday,1995,tt0113118
1219,A Goofy Movie,1995,tt0113198
1220,Higher Learning,1995,tt0113305
1221,When a Man Loves a Woman,1994,tt0111693
1222,Judgment Night,1993,tt0107286
1223,King of the Hill,1993,tt0107322
1224,The Scout,1994,tt0111094
1225,Angus,1995,tt0112368
1226,Night Falls on Manhattan,1997,
1227,An Awfully Big Adventure,1995,tt0112427
1228,Under Siege 2: Dark Territory,1995,tt0114781
1229,Poison Ivy II,1995,
1230,Ready to Wear,1994,tt0110907
1231,Marked for Death,1990,tt0100114
1232,Madonna: Truth or Dare,1991,tt0102370
1233,Nénette et Boni,1996,
1234,Chairman of the Board,1998,tt0118836
1235,The Big Bang Theory,1994,
1236,Other Rooms Other Voices,1997,
1237,Twisted,1996,tt0117994
1238,Full Speed,1996,tt0118230
1239,Cutthroat Island,1995,tt0112760
1240,Ghost in the Shell,1995,tt0113568
1241,The Van,1996,tt0118064
1242,The Old Lady Who Walked in the Sea,1991,tt0103207
1243,Night Flier,1997,
1244,Metro,1997,tt0119664
1245,Gridlock'd,1997,tt0119225
1246,Bushwhacked,1995,tt0112602
1247,Bad Girls,1994,tt0109198
1248,Blink,1994,
1249,For Love or Money,1993,tt0106941
1250,Best of the Best 3: No Turning Back,1995,tt0112483
1251,A Chef in Love,1996,tt0117050
1252,Contempt,1963,tt0057345
1253,The Tie That Binds,1995,tt0114666
1254,Gone Fishin',1997,tt0119214
1255,Broken English,1996,tt0115760
1256,The Designated Mourner,1997,tt0118964
1257,The Designated Mourner,1997,tt0118964
1258,Trial and Error,1997,tt0120373
1259,Pie in the Sky,1995,tt0114131
1260,Total Eclipse,1995,tt0114702
1261,The Run of the Country,1995,tt0114307
1262,Walking and Talking,1996,tt0118113
1263,Foxfire,1996,tt0116353
1264,Nothing to Lose,1994,tt0110693
1265,Star Maps,1997,tt0120197
1266,Bread and Chocolate,1973,
1267,Clockers,1995,tt0112688
1268,Bitter Moon,1992,tt0104779
1269,Love in the Afternoon,1957,tt0050658
1270,Life with Mikey,1993,tt0107413
1271,North,1994,tt0110687
1272,Talking About Sex,1994,tt0111357
1273,Color of Night,1994,tt0109456
1274,Robocop 3,1993,
1275,Killer,1994,tt0110259
1276,Sunset Park,1996,tt0117784
1277,Set It Off,1996,tt0117603
1278,Selena,1997,tt0120094
1279,Wild America,1997,tt0120512
1280,Gang Related,1997,tt0118900
1281,Manny & Lo,1996,tt0116985
1282,The Grass Harp,1995,tt0113211
1283,Out to Sea,1997,tt0119848
1284,Before and After,1996,tt0115645
1285,Princess Caraboo,1994,tt0110892
1286,Shall We Dance?,1937,
1287,Ed,1996,tt0116165
1288,Denise Calls Up,1995,tt0112844
1289,Jack and Sarah,1995,
1290,Country Life,1994,tt0109491
1291,Celtic Pride,1996,tt0115851
1292,A Simple Wish,1997,tt0120133
1293,Star Kid,1997,tt0120478
1294,Ayn Rand: A Sense of Life,1997,tt0118662
1295,Kicked in the Head,1997,tt0119457
1296,Indian Summer,1996,tt0116631
1297,Love Affair,1994,tt0110391
1298,The Band Wagon,1953,tt0045537
1299,Penny Serenade,1941,tt0034012
1300,'Til There Was You,1997,tt0118523
1301,Stripes,1981,tt0083131
1302,Late Bloomers,1996,tt0116834
1303,The Getaway,1994,tt0109890
1304,New York Cop,1996,
1305,National Lampoon's Senior Trip,1995,tt0113936
1306,Delta of Venus,1994,
1307,Carmen Miranda: Bananas Is My Business,1994,
1308,Babyfever,1994,tt0109191
1309,A Very Natural Thing,1974,tt0072362
1310,A Walk in the Sun,1945,tt0038235
1311,Waiting to Exhale,1995,tt0114885
1312,The Pompatus of Love,1996,
1313,Palmetto,1998,tt0120782
1314,Surviving the Game,1994,tt0111323
1315,Inventing the Abbotts,1997,tt0119381
1316,The Horse Whisperer,1998,tt0119314
1317,The Journey of August King,1995,tt0113490
1318,Catwalk,1995,tt0112646
1319,The Neon Bible,1995,tt0113952
1320,Homage,1995,tt0113319
1321,Open Season,1996,
1322,Metisse,1993,
1323,The Wooden Man's Bride,1994,tt0111752
1324,Loaded,1994,tt0110374
1325,August,1996,tt0115591
1326,Boys,1996,tt0115742
1327,Captives,1994,tt0109374
1328,Of Love and Shadows,1994,tt0110712
1329,The Low Life,1994,
1330,An Unforgettable Summer,1994,tt0111546
1331,"His Life and Music, The Last Klezmer: Leopold Kozlowski",1995,
1332,My Life and Times With Antonin Artaud,1993,
1333,Midnight Dancers,1994,tt0111180
1334,Somebody to Love,1994,tt0111237
1335,American Buffalo,1996,tt0115530
1336,Kazaam,1996,tt0116756
1337,Larger Than Life,1996,tt0116823
1338,Two Deaths,1995,tt0117999
1339,Stefano Quantestorie,1993,tt0108220
1340,The Crude Oasis,1995,
1341,Hedd Wyn,1992,tt0104403
1342,The Convent,1995,tt0112716
1343,Lotto Land,1995,tt0113695
1344,The Story of Xinghua,1993,
1345,The Day the Sun Turned Cold,1994,tt0111424
1346,Dingo,1992,
1347,The Ballad of Narayama,1958,tt0051980
1348,Every Other Weekend,1990,
1349,Mille bolle blu,1993,tt0107575
1350,Crows and Sparrows,1949,tt0042054
1351,Lover's Knot,1996,
1352,Shadow of Angels,1976,tt0075169
1353,1-900,1994,tt0109001
1354,Venice/Venice,1992,tt0105729
1355,Infinity,1996,tt0116635
1356,Ed's Next Move,1996,tt0116167
1357,For the Moment,1994,
1358,The Deadly Cure,1996,
1359,Boys in Venice,1996,
1360,The Sexual Life of the Belgians,1994,
1361,The Search for One-eye Jimmy,1996,
1362,American Strays,1996,tt0115531
1363,The Leopard Son,1996,tt0116859
1364,Bird of Prey,1996,
1365,Johnny 100 Pesos,1993,tt0107274
1366,JLG/JLG - autoportrait de décembre,1994,
1367,Faust,1994,tt0109781
1368,Mina Tannenbaum,1994,tt0110521
1369,The Forbidden Christ,1950,
1370,I Can't Sleep,1994,tt0110171
1371,The Machine,1994,
1372,The Stranger,1994,tt0123281
1373,Good Morning,1971,tt0067152
1374,Falling in Love Again,1980,tt0080714
1375,The Cement Garden,1993,tt0106535
1376,Meet Wally Sparks,1997,tt0119644
1377,Hotel de Love,1996,tt0116565
1378,Rhyme & Reason,1997,tt0120014
1379,Love and Other Catastrophes,1996,tt0116931
1380,Hollow Reed,1996,tt0113314
1381,Losing Chase,1996,
1382,Le Bonheur,1965,tt0058985
1383,The Second Jungle Book: Mowgli & Baloo,1997,tt0120087
1384,Squeeze,1996,
1385,Roseanna's Grave,1997,tt0120034
1386,Tetsuo II: Body Hammer,1992,tt0105569
1387,Fall,1997,tt0119098
1388,Gabbeh,1996,tt0116384
1389,Mondo,1996,
1390,The Innocent Sleep,1995,tt0113425
1391,For Ever Mozart,1996,tt0116334
1392,The Locusts,1997,tt0119557
1393,Stag,1997,tt0120192
1394,Swept from the Sea,1997,tt0120257
1395,Hurricane Streets,1998,
1396,Stonewall,1995,tt0114550
1397,Of Human Bondage,1934,tt0025586
1398,Anna,1996,tt2661954
1399,Stranger in the House,1997,tt0120222
1400,Picture Bride,1995,
1401,M. Butterfly,1993,tt0107468
1402,Professore! Ciao,1993,
1403,Caro Diario,1994,
1404,Withnail and I,1987,
1405,Boy's Life 2,1997,
1406,When Night Is Falling,1995,tt0114916
1407,The Specialist,1994,tt0111255
1408,Gordy,1995,
1409,The Swan Princess,1994,tt0111333
1410,Harlem,1993,
1411,Barbarella,1968,tt0062711
1412,Land Before Time III: The Time of the Great Giving,1995,
1413,Street Fighter,1994,tt0111301
1414,Coldblooded,1995,tt0112702
1415,The Next Karate Kid,1994,tt0110657
1416,No Escape,1994,tt0110678
1417,The Turning,1992,tt0105660
1418,The Joy Luck Club,1993,tt0107282
1419,Highlander III: The Sorcerer,1994,tt0110027
1420,Gilligan's Island: The Movie,1998,
1421,My Crazy Life,1993,
1422,Suture,1993,tt0108260
1423,The Walking Dead,1995,tt0114888
1424,I Like It Like That,1994,tt0110091
1425,I'll Do Anything,1994,tt0110097
1426,Grace of My Heart,1996,tt0116442
1427,Drunks,1995,tt0112907
1428,SubUrbia,1997,
1429,Sliding Doors,1998,tt0120148
1430,Ill Gotten Gains,1997,tt0119352
1431,Legal Deceit,1997,tt0130073
1432,The Mighty,1998,tt0119670
1433,Men of Means,1998,tt0119655
1434,Shooting Fish,1997,tt0120122
1435,Steal Little Steal Big,1995,
1436,Mr. Jones,1993,tt0107611
1437,House Party 3,1994,tt0110064
1438,Panther,1995,tt0114084
1439,Jason's Lyric,1994,tt0110186
1440,Above the Rim,1994,tt0109035
1441,Moonlight and Valentino,1995,tt0113851
1442,The Scarlet Letter,1995,tt0114345
1443,8 Seconds,1994,tt0109021
1444,That Darn Cat!,1965,tt0059793
1445,Ladybird Ladybird,1994,tt0110296
1446,Love Bye Bye,1995,
1447,Century,1993,tt0106537
1448,My Favorite Season,1993,tt0107471
1449,Pather Panchali,1955,tt0048473
1450,Golden Earrings,1947,tt0039428
1451,Foreign Correspondent,1940,tt0032484
1452,Lady of Burlesque,1943,tt0036094
1453,Angel on My Shoulder,1946,tt0038300
1454,Angel and the Badman,1947,tt0039152
1455,The Outlaw,1943,tt0036241
1456,Beat the Devil,1954,
1457,Love Is All There Is,1996,tt0116928
1458,A Damsel in Distress,1937,tt0028757
1459,Madame Butterfly,1995,tt0113731
1460,Sleepover,1995,tt0114472
1461,Here Comes Cookie,1935,tt0026465
1462,Thieves,1996,tt0118100
1463,Les Boys,1997,tt0118764
1464,The Stars Fell on Henrietta,1995,tt0114534
1465,Last Summer in the Hamptons,1995,tt0113612
1466,Margaret's Museum,1995,tt0113774
1467,The Saint of Fort Washington,1993,tt0108026
1468,The Cure,1995,tt0112757
1469,Tom and Huck,1995,tt0112302
1470,Gumby: The Movie,1995,tt0113234
1471,Hideaway,1995,tt0113303
1472,The Visitors,1993,
1473,The Little Princess,1939,tt0031580
1474,Nina Takes a Lover,1994,tt0110671
1475,Bhaji on the Beach,1993,tt0106408
1476,Raw Deal,1948,tt0040723
1477,Nightwatch,1997,tt0119791
1478,Dead Presidents,1995,tt0112819
1479,Reckless,1995,tt0114241
1480,Herbie Rides Again,1974,tt0071607
1481,S.F.W.,1994,tt0111048
1482,The Gate of Heavenly Peace,1995,
1483,The Man in the Iron Mask,1998,tt0120744
1484,The Jerky Boys,1994,
1485,Le Colonel Chabert,1994,
1486,Girl in the Cadillac,1995,tt0113173
1487,Even Cowgirls Get the Blues,1993,tt0106834
1488,Germinal,1993,tt0107002
1489,Chasers,1994,tt0109403
1490,Fausto,1993,tt0106878
1491,Tough and Deadly,1995,
1492,Window to Paris,1994,
1493,A Modern Affair,1995,tt0113839
1494,Il Mostro,1994,
1495,Flirt,1995,tt0113080
1496,Carpool,1996,tt0115836
1497,The Line King: Al Hirschfeld,1996,
1498,Farmer & Chase,1995,
1499,Grosse Fatigue,1994,
1500,Santa with Muscles,1996,tt0117550
1501,Prisoner of the Mountains,1996,tt0116754
1502,Naked in New York,1994,
1503,Gold Diggers: The Secret of Bear Mountain,1995,tt0113188
1504,Der Bewegte Mann,1994,
1505,Killer: A Journal of Murder,1995,tt0113542
1506,Nelly & Monsieur Arnaud,1995,tt0113947
1507,Three Lives and Only One Death,1996,tt0117968
1508,The Babysitter,1995,tt0112438
1509,Getting Even with Dad,1994,tt0109891
1510,Mad Dog Time,1996,tt0116953
1511,Children of the Revolution,1996,tt0115886
1512,The World of Apu,1959,tt0052572
1513,Sprung,1997,tt0120190
1514,Dream With the Fishes,1997,
1515,Wings of Courage,1995,tt0114952
1516,The Wedding Gift,1994,
1517,Race the Sun,1996,tt0117427
1518,Losing Isaiah,1995,tt0113691
1519,New Jersey Drive,1995,tt0113967
1520,The Fear,1995,tt0113043
1521,Mr. Wonderful,1993,tt0107613
1522,Trial by Jury,1994,tt0111488
1523,A Good Man in Africa,1994,tt0109920
1524,Kaspar Hauser,1993,tt0110246
1525,The Object of My Affection,1998,tt0120772
1526,Witness,1985,tt0090329
1527,Senseless,1998,tt0120820
1528,Nowhere,1997,tt0119809
1529,Underground,1995,tt0114787
1530,Jefferson in Paris,1995,tt0113463
1531,Far From Home: The Adventures of Yellow Dog,1995,
1532,Foreign Student,1994,tt0109828
1533,I Don't Want to Talk About It,1993,tt0106678
1534,Twin Town,1997,tt0120394
1535,L' Enfer,1994,
1536,Aiqing wansui,1994,
1537,Cosi,1996,tt0115951
1538,All Over Me,1997,tt0118586
1539,Being Human,1993,
1540,The Amazing Panda Adventure,1995,tt0112342
1541,"Maine, The Beans of Egypt",1994,
1542,The Scarlet Letter,1926,tt0017350
1543,Johns,1996,tt0116714
1544,It Takes Two,1995,tt0113442
1545,Frankie Starlight,1995,tt0113107
1546,Shadows,1988,
1547,The Show,1995,tt0114435
1548,The Courtyard,1995,
1549,Dream Man,1995,
1550,Destiny Turns on the Radio,1995,tt0112854
1551,The Glass Shield,1994,tt0109906
1552,The Hunted,1995,tt0113360
1553,The Underneath,1995,tt0114788
1554,Safe Passage,1994,tt0111054
1555,The Secret Adventures of Tom Thumb,1993,tt0108069
1556,Condition Red,1995,tt0112712
1557,Yankee Zulu,1994,
1558,Aparajito,1956,tt0048956
1559,Hostile Intentions,1994,
1560,Clean Slate,1981,
1561,Tigrero: A Film That Was Never Made,1994,tt0111430
1562,The Eye of Vichy,1993,
1563,The Promise,1994,
1564,To Cross the Rubicon,1991,tt0103095
1565,Daens,1992,tt0104046
1566,The Man from Down Under,1943,tt0031612
1567,Careful,1992,tt0103926
1568,Vermont Is For Lovers,1992,
1569,La Vie est belle,1987,
1570,Quartier Mozart,1992,tt0105201
1571,Touki Bouki,1973,
1572,Wend Kuuni,1982,tt0084898
1573,Spirits of the Dead,1968,tt0063715
1574,Pharaoh's Army,1995,tt0114122
1575,Worst of All I,1990,
1576,A Hungarian Fairy Tale,1987,tt0093199
1577,Death in the Garden,1956,tt0049521
1578,La Collectionneuse,1967,
1579,Baton Rouge,1988,tt0094822
1580,Liebelei,1933,tt0024252
1581,The Woman in Question,1950,tt0043140
1582,T-Men,1947,tt0039881
1583,The Invitation,1986,
1584,La Symphonie pastorale,1946,
1585,American Dream,1990,tt0099028
1586,Lashou shentan,1992,
1587,Terror in a Texas Town,1958,tt0052287
1588,Salut cousin!,1996,tt0117544
1589,Schizopolis,1996,tt0117561
1590,or Not To Have,1995,
1591,Duoluo tianshi,1995,
1592,The Magic Hour,1998,
1593,Death in Brunswick,1991,
1594,Everest,1998,tt0120661
1595,Shopping,1994,tt0111173
1596,Nemesis 2: Nebula,1995,
1597,Romper Stomper,1992,tt0105275
1598,City of Industry,1997,tt0118859
1599,Someone Else's America,1995,tt0114494
1600,Guantanamera,1994,
1601,Office Killer,1997,tt0119819
1602,A Price Above Rubies,1998,tt0120793
1603,Angela,1995,tt0112364
1604,He Walked by Night,1948,tt0040427
1605,Love Serenade,1996,tt0116930
1606,Deceiver,1997,tt0119527
1607,Hurricane Streets,1998,
1608,Buddy,1997,tt0118787
1609,B*A*P*S,1997,tt0118663
1610,N.M. Truth or Consequences,1997,
1611,Intimate Relations,1996,tt0116643
1612,The Leading Man,1996,tt0116845
1613,Tokyo Fist,1995,tt0114690
1614,The Reluctant Debutante,1958,tt0052126
1615,Warriors of Virtue,1997,tt0120479
1616,Desert Winds,1995,
1617,Hugo Pool,1997,tt0119327
1618,King of New York,1990,tt0099939
1619,All Things Fair,1996,
1620,The Sixth Man,1997,tt0120142
1621,Butterfly Kiss,1995,tt0112604
1622,France Paris,1993,
1623,La Cérémonie,1995,
1624,Hush,1998,tt0118744
1625,Nightwatch,1997,tt0119791
1626,Nobody Loves Me,1994,tt0110251
1627,The Wife,1995,tt0114936
1628,Lamerica,1994,tt0110299
1629,Nico Icon,1995,tt0113973
1630,The Silence of the Palace,1994,
1631,The Slingshot,1993,tt0107349
1632,Land and Freedom,1995,tt0114671
1633,Á köldum klaka,1994,
1634,Etz Hadomim Tafus,1994,tt0109751
1635,Two Friends,1986,
1636,Brothers in Trouble,1995,tt0112586
1637,Girls Town,1996,tt0116418
1638,Normal Life,1996,tt0117202
1639,Bitter Sugar,1996,tt0115600
1640,The Eighth Day,1996,tt0116581
1641,Dadetown,1995,tt0112777
1642,Some Mother's Son,1996,tt0117690
1643,Angel Baby,1995,tt0112362
1644,Sudden Manhattan,1996,tt0117775
1645,The Butcher Boy,1998,
1646,Men With Guns,1997,
1647,Hana-bi,1997,tt0119250
1648,Niagara Niagara,1997,
1649,The Big One,1997,tt0124295
1650,The Butcher Boy,1998,
1651,The Spanish Prisoner,1997,tt0120176
1652,Temptress Moon,1996,tt0116295
1653,Entertaining Angels: The Dorothy Day Story,1996,tt0116212
1654,Chairman of the Board,1998,tt0118836
1655,The Favor,1994,tt0109783
1656,Little City,1998,
1657,Target,1995,tt0114618
1658,The Substance of Fire,1996,tt0117773
1659,Getting Away With Murder,1996,
1660,Small Faces,1995,tt0114474
1661,The New Age,1994,tt0110649
1662,Rough Magic,1995,tt0114303
1663,Nothing Personal,1995,tt0114007
1664,8 Heads in a Duffel Bag,1997,tt0118541
1665,A Brother's Kiss,1997,tt0118783
1666,Ripe,1996,tt0117482
1667,The Next Step,1995,
1668,Wedding Bell Blues,1996,tt0118127
1669,MURDER and murder,1996,tt0116949
1670,Tainted,1998,tt0128690
1671,A Further Gesture,1996,
1672,Kika,1993,tt0107315
1673,Mirage,1995,tt0113827
1674,Mamma Roma,1962,tt0056215
1675,The Sunchaser,1996,tt0117781
1676,The War at Home,1996,tt0118117
1677,Sweet Nothing,1995,tt0114592
1678,Mat' i syn,1997,
1679,B. Monkey,1998,tt0120594
1680,Sliding Doors,1998,tt0120148
1681,You So Crazy,1994,
1682,Scream of Stone,1991,tt0102855
